{
  "10": {
    "c": 0.5999999990065893,
    "g": 2.899999996026357,
    "s": 0.9000000059604645
  },
  "11": {
    "c": 0.6666666666666666,
    "g": 2.1999999980131784,
    "s": 1.4000000009934108
  },
  "12": {
    "c": 0.7666666656732559,
    "g": 2.3333333333333335,
    "s": 1.0666666676600773
  },
  "13": {
    "c": 0.9666666736205419,
    "g": 2.499999995032946,
    "s": 0.9000000009934107
  },
  "14": {
    "c": 1.0333333313465118,
    "g": 2.766666665673256,
    "s": 1.266666665673256
  },
  "15": {
    "c": 1.3333333333333333,
    "g": 3.500000004967054,
    "s": 1.7666666607062023
  },
  "16": {
    "c": 0.8000000019868215,
    "g": 2.3333333333333335,
    "s": 0.7666666656732559
  },
  "17": {
    "c": 1.1999999980131786,
    "g": 3.0999999990065894,
    "s": 0.9666666686534882
  },
  "18": {
    "c": 1.4000000059604645,
    "g": 3.8000000019868216,
    "s": 0.799999992052714
  },
  "19": {
    "c": 1.3666666746139526,
    "g": 3.5333333363135657,
    "s": 0.8666666597127914
  },
  "20": {
    "c": 1.4666666636864345,
    "g": 4.5999999940395355,
    "s": 1.3333333432674408
  },
  "21": {
    "c": 1.399999996026357,
    "g": 5.066666672627131,
    "s": 1.0999999940395355
  },
  "22": {
    "c": 1.866666669646899,
    "g": 5.399999996026357,
    "s": 2.4000000009934106
  },
  "23": {
    "c": 2.1333333353201547,
    "g": 6.133333335320155,
    "s": 2.5999999990065894
  },
  "24": {
    "c": 1.633333335320155,
    "g": 5.299999997019768,
    "s": 1.1666666666666667
  },
  "25": {
    "c": 1.9000000059604645,
    "g": 6.633333330353101,
    "s": 1.7999999970197678
  },
  "26": {
    "c": 2.3666666696468988,
    "g": 6.800000001986821,
    "s": 1.4666666636864345
  },
  "27": {
    "c": 2.76666667064031,
    "g": 8.09999999900659,
    "s": 3.6333333253860474
  },
  "28": {
    "c": 2.5333333363135657,
    "g": 7.466666673620542,
    "s": 1.5333333263794582
  },
  "29": {
    "c": 2.3333333333333335,
    "g": 8.366666664679846,
    "s": 3.8333333333333335
  },
  "30": {
    "c": 2.8333333333333335,
    "g": 10.966666663686434,
    "s": 1.2666666706403096
  },
  "31": {
    "c": 2.766666665673256,
    "g": 11.199999998013178,
    "s": 3.6333333402872086
  },
  "32": {
    "c": 4.233333334326744,
    "g": 9.333333333333334,
    "s": 4.466666663686435
  },
  "33": {
    "c": 4.199999998013179,
    "g": 13.366666669646898,
    "s": 3.533333331346512
  },
  "34": {
    "c": 4.599999999006589,
    "g": 16.866666664679844,
    "s": 2.9000000059604645
  },
  "35": { "c": 8, "g": 16.533333331346512, "s": 3.733333334326744 },
  "36": {
    "c": 5.833333333333333,
    "g": 19.799999997019768,
    "s": 4.966666668653488
  },
  "37": {
    "c": 6.5999999940395355,
    "g": 19.46666667362054,
    "s": 6.066666667660077
  },
  "38": { "c": 6.800000001986821, "g": 21.5, "s": 7.799999997019768 },
  "39": { "c": 6.200000002980232, "g": 19.599999999006588, "s": 5 },
  "40": {
    "c": 5.966666663686435,
    "g": 19.833333333333332,
    "s": 8.600000003973642
  },
  "41": {
    "c": 8.133333335320154,
    "g": 20.299999997019768,
    "s": 10.299999997019768
  },
  "42": {
    "c": 8.233333334326744,
    "g": 18.266666665673256,
    "s": 2.5666666676600776
  },
  "43": { "c": 7.666666666666667, "g": 20.599999999006588, "s": 4.5 },
  "44": { "c": 9.066666662693024, "g": 20.033333336313564, "s": 4.5 },
  "45": { "c": 9.5, "g": 24.200000002980232, "s": 4.400000000993411 },
  "46": {
    "c": 9.966666663686434,
    "g": 27.466666668653488,
    "s": 5.766666665673256
  },
  "47": { "c": 9.366666664679846, "g": 27, "s": 5.266666665673256 },
  "48": { "c": 8.16666667163372, "g": 27, "s": 6.799999997019768 },
  "49": {
    "c": 8.466666668653488,
    "g": 23.866666664679844,
    "s": 5.633333335320155
  },
  "50": {
    "c": 9.000000004967054,
    "g": 30.366666664679844,
    "s": 3.1333333303531012
  },
  "51": {
    "c": 9.733333334326744,
    "g": 28.333333333333332,
    "s": 9.866666669646898
  },
  "52": {
    "c": 12.366666654745737,
    "g": 33.466666673620544,
    "s": 7.133333335320155
  },
  "53": {
    "c": 14.766666660706202,
    "g": 37.300000001986824,
    "s": 11.366666669646898
  },
  "54": {
    "c": 9.666666666666666,
    "g": 31.69999999801318,
    "s": 7.366666669646899
  },
  "55": {
    "c": 9.59999999900659,
    "g": 30.16666666169961,
    "s": 9.16666667163372
  },
  "56": {
    "c": 9.866666664679846,
    "g": 30.566666662693024,
    "s": 5.466666668653488
  },
  "57": {
    "c": 10.566666662693024,
    "g": 34.70000000794729,
    "s": 9.266666665673256
  },
  "58": {
    "c": 10.83333332836628,
    "g": 34.40000000099341,
    "s": 7.966666668653488
  },
  "59": {
    "c": 13.09999999900659,
    "g": 32.666666666666664,
    "s": 6.800000001986821
  },
  "60": {
    "c": 12.366666669646898,
    "g": 34.53333333631357,
    "s": 5.866666664679845
  },
  "61": {
    "c": 13.299999992052713,
    "g": 34.40000000099341,
    "s": 6.600000003973643
  },
  "62": {
    "c": 10.899999996026358,
    "g": 35.766666665673256,
    "s": 10.433333337306976
  },
  "63": { "c": 11.633333335320154, "g": 37.5, "s": 7.099999999006589 },
  "64": { "c": 12.200000002980232, "g": 35.5, "s": 10.93333332737287 },
  "65": { "c": 12.833333333333334, "g": 39.20000000298023, "s": 10.5 },
  "66": { "c": 14.366666669646898, "g": 41.566666662693024, "s": 13.5 },
  "67": {
    "c": 13.833333333333334,
    "g": 43.233333334326744,
    "s": 9.066666667660078
  },
  "68": { "c": 17.5, "g": 43.5, "s": 12.23333332935969 },
  "69": {
    "c": 13.733333334326744,
    "g": 43.000000004967056,
    "s": 12.299999997019768
  },
  "70": {
    "c": 21.466666668653488,
    "g": 49.86666666467985,
    "s": 8.700000002980232
  },
  "71": {
    "c": 18.400000000993412,
    "g": 51.09999999900659,
    "s": 16.066666662693024
  },
  "72": {
    "c": 15.099999994039536,
    "g": 50.13333333532015,
    "s": 11.433333337306976
  },
  "73": {
    "c": 16.833333333333332,
    "g": 49.266666665673256,
    "s": 7.800000001986821
  },
  "74": { "c": 16, "g": 51.09999999900659, "s": 10.600000003973642 },
  "75": {
    "c": 18.566666662693024,
    "g": 54.933333337306976,
    "s": 11.933333332339922
  },
  "76": {
    "c": 18.433333332339924,
    "g": 56.06666666766008,
    "s": 10.40000000099341
  },
  "77": {
    "c": 16.733333334326744,
    "g": 54.199999998013176,
    "s": 11.666666666666666
  },
  "78": {
    "c": 17.666666666666668,
    "g": 57.233333334326744,
    "s": 15.466666663686434
  },
  "79": {
    "c": 19.66666667163372,
    "g": 57.266666665673256,
    "s": 10.23333332935969
  },
  "80": {
    "c": 19.80000000198682,
    "g": 60.333333333333336,
    "s": 15.300000001986822
  },
  "81": {
    "c": 18.899999996026356,
    "g": 60.53333333631357,
    "s": 8.433333332339922
  },
  "82": {
    "c": 19.76666667064031,
    "g": 63.999999995032944,
    "s": 14.133333335320154
  },
  "83": {
    "c": 20.76666667064031,
    "g": 66.39999999602635,
    "s": 12.433333332339922
  },
  "84": { "c": 20.266666665673256, "g": 64.80000000198682, "s": 22 },
  "85": {
    "c": 20.033333331346512,
    "g": 66.96666666865349,
    "s": 13.966666663686434
  },
  "86": {
    "c": 23.400000000993412,
    "g": 68.63333333532016,
    "s": 9.166666666666666
  },
  "87": {
    "c": 21.799999997019768,
    "g": 74.66666667163372,
    "s": 10.066666662693024
  },
  "88": { "c": 22.133333335320156, "g": 73, "s": 10.966666663686434 },
  "89": {
    "c": 22.466666668653488,
    "g": 75.43333333233993,
    "s": 15.833333333333334
  },
  "90": {
    "c": 22.566666662693024,
    "g": 75.56666666766007,
    "s": 14.133333330353102
  },
  "91": {
    "c": 24.200000002980232,
    "g": 77.66666667163372,
    "s": 14.133333325386047
  },
  "92": {
    "c": 27.000000004967053,
    "g": 83.43333332737286,
    "s": 13.333333333333334
  },
  "93": {
    "c": 25.633333335320156,
    "g": 79.3666666696469,
    "s": 21.799999997019768
  },
  "94": {
    "c": 25.80000000198682,
    "g": 83.49999999503295,
    "s": 20.966666668653488
  },